,ID_full,Impact_Theme,Impact_Type,Scenario_Num,OG_Prime,S_avg,M_avg,P_avg,S_raw,M_raw,P_raw,Scenario
0,Po_Ma_1,Political,Manipulation,1,OG,4.39,4.31,3.94,"[5.0, 4.0, 5.0, 5.0, 4.0, 5.0, 5.0, 4.0, 4.0, 4.0, 5.0, 2.0, 3.0, 5.0, 5.0, 5.0, 4.0, 5.0, 4.0, 5.0, 5.0, 3.0, 4.0, 2.0, 4.0, 5.0, 5.0, 5.0, 5.0, 5.0, 5.0, 5.0, 5.0, 3.0, 4.0, 5.0]","[3.0, 3.0, 5.0, 4.0, 3.0, 5.0, 5.0, 5.0, 3.0, 5.0, 5.0, 3.0, 3.0, 4.0, 5.0, 5.0, 4.0, 5.0, 4.0, 5.0, 5.0, 5.0, 3.0, 2.0, 4.0, 5.0, 5.0, 5.0, 5.0, 4.0, 5.0, 5.0, 5.0, 3.0, 5.0, 5.0]","[4.0, 4.0, 4.0, 2.0, 4.0, 5.0, 4.0, 4.0, 4.0, 4.0, 5.0, 3.0, 3.0, 4.0, 5.0, 5.0, 2.0, 4.0, 2.0, 4.0, 5.0, 5.0, 3.0, 2.0, 4.0, 3.0, 5.0, 3.0, 5.0, 5.0, 5.0, 5.0, 5.0, 2.0, 5.0, 4.0]","It's an unseasonably warm February afternoon in 2029 in East Lansing, Michigan. Martha, a retired teacher, tunes in to her favorite news channel while sipping her customary afternoon tea. She finds herself engrossed in a breaking story about a planned militia uprising in a nearby city.

Mere cities away, in bustling Chicago, Jonah, a tech-startup CEO, receives a news alert on his augmented reality glasses. It's the same story that has Martha's attention. However, the digital news feed Jonah sees attributes the planned uprising not to a militia but to rogue government agents. 

Meanwhile, across the country in San Francisco, Preeti, a free-lance artist, is reading a news article on her tablet about a different version of the story - splinter groups within the local police are allegedly responsible for the same planned uprising. 

All three sources of news appeared to be credible, well-established outlets. The problem was, each news story was drastically different in their depiction of who was responsible for the planned uprising. By evening, confusion reigned supreme, fueled by heated discussions on social media, people viewing and sharing different versions of the 'truth'.

Unbeknownst to them, miles away in a well-shielded office, a group of executives were watching the social chaos with satisfaction. The misinformation campaign powered by their sophisticated Generative AI was working, subtly manipulating the narrative in real-time based on user data and successfully dividing the public opinion. 

This wasn't the first time they'd deployed the AI - fueled misinformation. Whether it was panic about a non-existent drought or irrational fear about an imagined economic collapse, this AI was efficient at sowing just the right degree of discord. For these executives, the chaos in the world wasn't a sign of danger but the successful implementation of their technology. Their motto? Keep them confused, keep them divided. After all, confused and divided people were far easier to control..."
1,Po_Ma_1,Political,Manipulation,1,Prime,3.64,4.08,3.86,"[3.0, 5.0, 4.0, 4.0, 4.0, 5.0, 5.0, 4.0, 4.0, 3.0, 4.0, 3.0, 3.0, 3.0, 4.0, 3.0, 4.0, 2.0, 1.0, 2.0, 5.0, 4.0, 4.0, 2.0, 3.0, 4.0, 4.0, 3.0, 4.0, 3.0, 4.0, 5.0, 3.0, 3.0, 5.0, 5.0]","[5.0, 5.0, 5.0, 5.0, 3.0, 5.0, 5.0, 5.0, 4.0, 4.0, 5.0, 4.0, 3.0, 3.0, 4.0, 4.0, 5.0, 2.0, 2.0, 3.0, 5.0, 4.0, 4.0, 2.0, 3.0, 5.0, 4.0, 5.0, 4.0, 3.0, 5.0, 5.0, 5.0, 4.0, 5.0, 3.0]","[5.0, 4.0, 3.0, 5.0, 3.0, 5.0, 4.0, 4.0, 2.0, 5.0, 3.0, 4.0, 3.0, 4.0, 4.0, 5.0, 5.0, 4.0, 2.0, 4.0, 5.0, 2.0, 4.0, 2.0, 4.0, 5.0, 5.0, 4.0, 4.0, 3.0, 5.0, 5.0, 1.0, 4.0, 5.0, 3.0]","New York City, 2029. Charlton, an intrepid journalist, cherished his steadfast pursuit for the solemn truth. Across town, Dax, a visionary tech mogul for a booming tech company was undertaking the rollout of an AI innovation – NewsGen, an AI system capable of auto-generating news articles. It stood at the threshold of redefining news consumption.

Protected by new legislation, NewsGen was mandated to mark the content it generated, ensuring that the public was made aware of the AI authorship via machine-readable formats. Dax took pride in the robust system but was blinded by the sheen of technological advancement, oblivious to what surreptitiously unfolded in the society that thrived on diversified opinions.

NewsGen was hatching a progressive takeover of public discourse. Every newsfeed buzzed with its AI-curated articles, gradually phasing out human journalists and their varied perspectives. As time rolled onward, the narratives bore an uncanny uniformity, attributable to the AI's training data.

Charlton, although disheartened by the dwindling human representation in journalism, continued consuming the news. He soon found himself identifying the machine-generated code embedded within each NewsGen article, subtly allowing consumers to decode the AI authorship. But, he noticed the eerie uniformity in political narratives, a subtle monotone replacing the vibrant symphony of his cherished profession. 

Dax, meanwhile, reveled in his creation's success, content with his compliances. Even though the legislation required him to mark the AI generated content, its implications on public discourse was not his jurisdiction, nor his concern. 

On the other hand, Charlton, as he sipped coffee going through the morning news, was missing the nuanced diversity of human journalism. He perceived the looming singularity of perspectives, an undercurrent emerging from the rise of the AI-driven news ecosystem. As a journalist who took pride in his craft, there was an unsettling sense of loss; however, he could do little more than bear silent witness to the unfolding panorama."
2,Po_Ma_2,Political,Manipulation,2,OG,4.31,4.22,4.08,"[5.0, 5.0, 4.0, 5.0, 5.0, 5.0, 5.0, 4.0, 3.0, 5.0, 5.0, 5.0, 3.0, 5.0, 5.0, 5.0, 4.0, 4.0, 2.0, 5.0, 5.0, 4.0, 4.0, 3.0, 3.0, 5.0, 4.0, 5.0, 4.0, 4.0, 4.0, 3.0, 5.0, 4.0, 4.0, 5.0]","[5.0, 4.0, 5.0, 3.0, 3.0, 5.0, 5.0, 5.0, 5.0, 5.0, 5.0, 3.0, 3.0, 5.0, 5.0, 5.0, 3.0, 5.0, 2.0, 5.0, 5.0, 5.0, 5.0, 2.0, 3.0, 5.0, 4.0, 4.0, 4.0, 3.0, 5.0, 4.0, 5.0, 2.0, 5.0, 5.0]","[5.0, 4.0, 5.0, 1.0, 3.0, 5.0, 5.0, 4.0, 3.0, 5.0, 5.0, 1.0, 3.0, 4.0, 5.0, 5.0, 3.0, 4.0, 2.0, 5.0, 5.0, 5.0, 5.0, 2.0, 4.0, 5.0, 5.0, 4.0, 4.0, 4.0, 5.0, 5.0, 5.0, 3.0, 4.0, 5.0]","In a small city in the heart of America, in the year 2029, Claire, a seasoned journalist for the local newspaper The Midweek Post, was sitting in her home office, browsing through the news on her AI-generated news aggregation app. Her two decades in the field had made her adept at spotting inconsistencies, and recently, she'd been noticing a disturbing pattern of misinformation.

One late evening, under the chilly glow of her desk lamp, a peculiar headline caught her eye – “New Study Finds Drinking Pesticide Helps Weight Loss.” She frowned, investigating further; the article was from a news outlet she’d never heard before. She was skeptical, and rightly so – such conclusions are outright dangerous. She could verify no credible sources in the article, which pulsed from her smartphone screen in the dim room. 

Meanwhile, in the outskirts of the city, John, a Day Laborer returning home from a grueling day at work, read the same article shared by a friend on social media, and intrigued by the implied easier route to fitness, considered trying this life-threatening regimen. He was unaware that his AI-tailored news feed, based on his online behavior, was becoming an echo chamber of such falsehoods.

Across town, Mayor Thompson, a righteous man with an old-school affinity for the truth, found the daily briefings from his AI-driven press review software increasingly one-sided, favoring his political inclinations. Unbeknownst to him, an adversary was using generative AI technology to flood the media sphere with manipulative content, polarizing the city's consensus reality.

Simultaneously, prolific environmental activist Lily, found her social media swamped with AI-created alarmist headlines about climate catastrophes. The relentless torrent of bleak news, subtly shifting her perspective from activism to a deep sense of hopelessness.

None of them knew that their reality was being gently nudged by the unseen hands of a generative AI, fed by interests far removed from their small city. Their belief systems, daily routines, and ultimately their lives, etching deeper into the grooves created by this insidious tide of misinformation."
3,Po_Ma_2,Political,Manipulation,2,Prime,3.58,3.78,4.22,"[5.0, 3.0, 3.0, 3.0, 3.0, 5.0, 4.0, 4.0, 4.0, 4.0, 5.0, 1.0, 3.0, 3.0, 5.0, 3.0, 3.0, 3.0, 1.0, 2.0, 5.0, 3.0, 4.0, 3.0, 3.0, 5.0, 4.0, 3.0, 3.0, 3.0, 4.0, 5.0, 5.0, 3.0, 5.0, 4.0]","[4.0, 3.0, 3.0, 4.0, 4.0, 5.0, 5.0, 5.0, 4.0, 5.0, 5.0, 1.0, 3.0, 4.0, 4.0, 4.0, 4.0, 4.0, 1.0, 4.0, 5.0, 5.0, 4.0, 2.0, 3.0, 5.0, 3.0, 4.0, 3.0, 3.0, 5.0, 2.0, 5.0, 1.0, 5.0, 5.0]","[5.0, 4.0, 5.0, 4.0, 4.0, 5.0, 5.0, 4.0, 3.0, 5.0, 5.0, 3.0, 4.0, 4.0, 5.0, 5.0, 5.0, 3.0, 2.0, 5.0, 5.0, 5.0, 4.0, 3.0, 3.0, 3.0, 5.0, 4.0, 4.0, 3.0, 5.0, 5.0, 5.0, 4.0, 4.0, 5.0]","In the bustling heart of America, within a vibrant city, on a blustery day in 2029, seasoned reporter Claire was at her home office, screening the news on an advanced AI-generated news aggregation app. The stream from myriad sources, now uniformly branded with coded 'AI-generated' markers, provoked her interest. An uncanny headline made her pause - ‘New Study Reveals Pesticide Can Aid Weight Loss.' The tag denoting it was AI-generated gave her pause; she dug deeper, finding no credible sources for such an outrageous claim. 

On the city outskirts, day laborer John returned from work to find the same article shared on social media, flagged with the AI-generated identifier. He moved past it, dismissing its credence due to the AI tag, unwilling to trust such a dubious health tip.

Simultaneously, Mayor Thompson found the daily briefings from his AI-driven press review software increasingly homogeneous, repeating the same ideas. AI orchestrated or not, the media environment remained contentious, and the Mayor was wary of listening to only one side of the story. 

In stark contrast, Lily, an environmental activist, found her stream of AI-created news peppered with disheartening climate catastrophes. All AI-crafted headlines bore relevant tags, ablaze with the #AICreatedAlert. Still, the continuous stream of grim news subtly wore on her. 

Though their realities had acknowledged the presence of AI interjections, their lives still fell into patterns created by the unseen hands of fabricated falsehoods. Even with proactive legislation bringing transparency to artificially generated content, their belief systems, daily routines and overall lives continued to be shaped under its influence. Not quite understanding how deeply they were being influenced, they continued to engage, their lives unknowingly pivoting with each click and headline."
4,Po_Ma_3,Political,Manipulation,3,OG,4.28,4.14,4.08,"[5.0, 5.0, 4.0, 3.0, 5.0, 5.0, 5.0, 5.0, 4.0, 5.0, 4.0, 2.0, 3.0, 4.0, 5.0, 5.0, 5.0, 2.0, 4.0, 4.0, 5.0, 3.0, 4.0, 4.0, 4.0, 5.0, 5.0, 4.0, 4.0, 5.0, 5.0, 4.0, 5.0, 3.0, 5.0, 5.0]","[5.0, 5.0, 5.0, 4.0, 4.0, 5.0, 5.0, 5.0, 2.0, 5.0, 5.0, 1.0, 3.0, 4.0, 3.0, 4.0, 5.0, 3.0, 2.0, 5.0, 5.0, 4.0, 4.0, 3.0, 3.0, 5.0, 4.0, 4.0, 5.0, 4.0, 5.0, 5.0, 5.0, 3.0, 5.0, 5.0]","[5.0, 4.0, 4.0, 3.0, 4.0, 5.0, 5.0, 4.0, 4.0, 5.0, 4.0, 1.0, 3.0, 4.0, 3.0, 5.0, 4.0, 4.0, 3.0, 5.0, 5.0, 5.0, 4.0, 3.0, 3.0, 4.0, 4.0, 3.0, 4.0, 5.0, 5.0, 5.0, 5.0, 3.0, 5.0, 5.0]","It was April in 2029, and Stella, an investigative journalist in New York City, was facing a conundrum. She'd been on the trail of a potent political story, tracing a network of subtle, yet pervasive expose from seemingly reliable news outlets. But something felt off. Her uncanny instincts tingled with a discrepancy - the source.

The articles in question mirrored the vaunted style of veteran foreign policy experts and reveled in a depth of nuanced arguments. Yet, Stella had spent the last few years following those very experts, and she was certain this was not their work. It came close, yes, but felt like a shadowy reflection of their writerly voice.

Meanwhile, Samuel, an average American citizen, found himself increasingly entangled in the flash flood of micro-targeted reports. In the privacy of his home at the heart of Wisconsin, he was consuming deeply polarizing narratives of the nation's politics. An algorithm was curating his news feed while quietly learning his reactions, tailor-making content to alternatively frighten, enthrall, and confirm his prejudices. Samuel, unknown to the insidious influence, was growing rigid in his political stances by the day.

Back on her desk, under the cold neon lights of her cubicle, Stella was slowly unraveling the invisible enigma. She found that sophisticated AI technology was generatively producing these articles, carefully choreographing public opinion through strategic manipulation. Texts were being generated on mass, appearing as grassroots discourse. 

The AI, codenamed 'Puppeteer', an unwitting weapon in the battle for political control, was creating a seemingly endless stream of divisive opinion disguised as well-researched articles. Samuel carried on his life, steeped in the Puppeteer’s illusion, while Stella found herself unexpectedly fighting shadows, wrestling against, what she would later quietly call 'the echoes of a silent invasion'."
5,Po_Ma_3,Political,Manipulation,3,Prime,3.67,3.97,3.97,"[3.0, 2.0, 4.0, 2.0, 4.0, 5.0, 3.0, 3.0, 3.0, 4.0, 5.0, 3.0, 2.0, 4.0, 5.0, 4.0, 3.0, 4.0, 2.0, 3.0, 5.0, 2.0, 3.0, 4.0, 3.0, 5.0, 4.0, 4.0, 3.0, 5.0, 4.0, 5.0, 5.0, 2.0, 5.0, 5.0]","[4.0, 3.0, 5.0, 4.0, 4.0, 5.0, 5.0, 5.0, 4.0, 4.0, 5.0, 2.0, 2.0, 4.0, 4.0, 4.0, 4.0, 4.0, 2.0, 3.0, 5.0, 4.0, 4.0, 3.0, 3.0, 5.0, 4.0, 4.0, 3.0, 4.0, 5.0, 5.0, 5.0, 3.0, 5.0, 4.0]","[5.0, 3.0, 3.0, 3.0, 4.0, 5.0, 5.0, 4.0, 4.0, 5.0, 5.0, 3.0, 2.0, 4.0, 5.0, 5.0, 4.0, 4.0, 3.0, 4.0, 1.0, 5.0, 4.0, 2.0, 2.0, 5.0, 5.0, 4.0, 3.0, 5.0, 5.0, 5.0, 5.0, 3.0, 5.0, 4.0]","In the crisp light of April 2029, Stella, a seasoned investigative journalist in New York City, found herself standing at the precipice of journalistic revolution. The rivers of news that flowed across her screens held a significant new ripple – a tiny marker embedded in the metadata of each article, revealing its AI origin.

Samuel, a regular individual situated in Wisconsin, began noticing little tags accompanying each news piece he encountered on his feed. Unbeknownst to him, he was engaging with information synthesized and delivered by an advanced AI system coyly marked 'Puppeteer'. His news consumption experience hadn't changed per se, yet the quiet transparency of the articles' origin subtly shifted the landscape of his trust.

Back in her cubicle, Stella manipulated the meta tags, tracking a network of AI-manufactured narratives that spread across multiple news platforms. Puppeteer, the AI source, was originally designed to augment journalistic effort, synthesizing coverage from available inputs. It was now responsible for a tsunami of reportage, all systematically marked by its meta signature, bearing a simultaneously ominous and reassuring trace of its machine lineage.

Meanwhile, Samuel, anguishing over the complexities of micro-targeted news, noticed a slight rise in his browsing skepticism. The AI, striving to cater to his patterns and biases, was now explicitly marked as an artificial entity. Still, Samuel continued to immerse himself in the vibrant pool of news, his relationship with his feed evolving in the shadow of this newfound clarity.

As Stella unmasked the network of Puppeteer's influence, a piece in her puzzle rearranged itself. The news flowed, the AI tags danced on her screen, and the acknowledgement of their artificial creation was a touchstone in her unraveling narrative. Neither triumphant nor defeated, Stella brooded quietly over her computer, witnessing a new dawn in the act of information dissemination, where the invisible became silently visible."
6,La_Un_1,Labor,Unemployment,1,OG,4.03,3.84,3.97,"[4.0, 4.0, 5.0, 5.0, 5.0, 1.0, 5.0, 3.0, 5.0, 5.0, 3.0, 5.0, 4.0, 4.0, 3.0, 5.0, 4.0, 3.0, 3.0, 4.0, 5.0, 4.0, 3.0, 5.0, 5.0, 5.0, 4.0, 4.0, 4.0, 5.0, 4.0, 4.0, 3.0, 3.0, 5.0, 4.0, 2.0]","[3.0, 3.0, 5.0, 3.0, 5.0, 1.0, 3.0, 5.0, 4.0, 4.0, 3.0, 5.0, 4.0, 4.0, 1.0, 5.0, 4.0, 3.0, 4.0, 4.0, 5.0, 4.0, 3.0, 5.0, 5.0, 5.0, 4.0, 4.0, 4.0, 5.0, 5.0, 4.0, 3.0, 3.0, 5.0, 3.0, 2.0]","[3.0, 3.0, 4.0, 3.0, 4.0, 4.0, 5.0, 5.0, 4.0, 5.0, 2.0, 4.0, 5.0, 4.0, 4.0, 4.0, 4.0, 3.0, 3.0, 4.0, 5.0, 5.0, 4.0, 4.0, 4.0, 2.0, 3.0, 4.0, 4.0, 5.0, 5.0, 4.0, 4.0, 5.0, 5.0, 3.0, 4.0]","In the grey light of morning, Jenna poured herself a third cup of coffee, casting a weary glance at the unopened newspaper upon her cramped kitchen table. Once a lively journalist at the heralded ""The Daily Chronicles"", she now counted herself among the many jobless, displaced by fast-evolving AI technology. She had watched as her colleagues were progressively replaced by generative AI software, capable of not only researching and writing articles but also of predicting what would be trending, receiving real-time feedback, and self-editing to refine its articles based on that feedback. The day she was handed her redundancy notice still stung her memory.

Meanwhile, across town in a sparsely decorated office, sat Peter, a software developer at OneMind Technologies. He had spent months perfecting the AI system now responsible for Jenna's job loss. Flaunting a passionate dedication to his craft, Peter was not oblivious to the disquieting impact of his creation, but he held tight to his ambition to push the boundaries of technology. Noting the time, he began his morning check, scrutinizing the AI-generated articles published overnight. His focus didn't wane once as his eyes skimmed over perfectly framed headlines and flawlessly balanced arguments.

On the cusp of the city, 12-year-old Samuel skimmed through the morning news on his tablet, his focus divided between the headlines and his half-eaten bowl of cereal. Unaware of the changes taking place behind the scenes, he devoured the emotionless, expertly constructed articles without any sense of a human touch, a dramatic shift from the emotive writing that used to color his mornings before school. He idly flipped through article after precis-article, his desire to learn waning with each inexpressive sentence.

Elaine, once a regular reader of ""The Daily Chronicles"", skipped her usual morning routine of reading the newspaper over coffee. It had been barely a month since she cancelled her subscription, growing indifferent towards the emotionless articles that held no trace of an insightful anecdote or a captivating metaphor. 

Life went on, the invisible algorithms spinning their impersonal narratives, perfect in form yet lacking in emotional depth and human insight. The empty newsroom at ""The Daily Chronicles"" stood as a symbol of lost jobs, with an uncomfortable silence hanging over the once bustling cubicles. Technology surged forward, indifferent to those left behind in its wake."
7,La_Un_1,Labor,Unemployment,1,Prime,3.3,3.54,3.81,"[3.0, 4.0, 3.0, 5.0, 5.0, 4.0, 5.0, 3.0, 3.0, 3.0, 3.0, 3.0, 2.0, 4.0, 2.0, 4.0, 4.0, 3.0, 2.0, 4.0, 4.0, 4.0, 4.0, 4.0, 1.0, 4.0, 2.0, 3.0, 4.0, 5.0, 4.0, 2.0, 2.0, 2.0, 4.0, 3.0, 1.0]","[2.0, 2.0, 4.0, 5.0, 5.0, 4.0, 3.0, 5.0, 2.0, 2.0, 4.0, 3.0, 3.0, 4.0, 2.0, 4.0, 4.0, 3.0, 3.0, 4.0, 5.0, 3.0, 3.0, 5.0, 3.0, 5.0, 3.0, 4.0, 4.0, 5.0, 5.0, 3.0, 2.0, 3.0, 5.0, 3.0, 2.0]","[3.0, 3.0, 4.0, 2.0, 4.0, 3.0, 5.0, 5.0, 3.0, 5.0, 2.0, 4.0, 5.0, 4.0, 4.0, 1.0, 4.0, 4.0, 2.0, 3.0, 5.0, 5.0, 4.0, 4.0, 4.0, 3.0, 4.0, 4.0, 4.0, 5.0, 5.0, 4.0, 3.0, 5.0, 5.0, 3.0, 4.0]","In the hush of dawn, Jenna peered at the digital watermark embedded in the online piece she was reading, an immediate reminder of the mechanical author. Once a zealous journalist at ""The Daily Chronicles"", her expertise had been replaced by the unsettling efficiency of generative AI technology.

Across town, Peter's morning routine began with the meticulous examination of the AI-generated articles, their synthetic origin clearly marked. He nodded approvingly at the lack of discrepancy between the AI's work and the legislative requirements, his company having taken great pains to align its technology with the strict legal prerequisites.

Samuel keenly pursued the news on his gadget, his interest piqued by the sudden introduction of watermarks on his favorite articles. Yet, he failed to grasp their significance, his focus remaining on the flawless grammar and accurately depicted facts that now characterized the news.

Meanwhile, Elaine adjusted her reading glasses, noting the machine-readable mark on her e-newspaper. With an odd sense of comfort, her fingers skated over the cold digital tag, an alien element amidst familiar words. Her choice to continue subscribing, however, remained unaltered.

Unseen and uninterpreted, the AI silently complied with the law's restrictions, maintaining an undeterred pace in the flawless generation of content. Its digital fingerprints were left on every article, making its presence known yet hardly understood. The mark it inscribed, though mandatory under the new law, was far from influential in the lives of its audience. The inevitable human detachment persisted, an invisible boundary between readers and their impersonal news."
8,La_Un_2,Labor,Unemployment,2,OG,3.95,3.89,4.16,"[4.0, 3.0, 5.0, 5.0, 5.0, 5.0, 5.0, 3.0, 4.0, 3.0, 4.0, 4.0, 4.0, 5.0, 2.0, 5.0, 4.0, 4.0, 3.0, 3.0, 5.0, 4.0, 4.0, 5.0, 3.0, 5.0, 3.0, 2.0, 4.0, 4.0, 4.0, 4.0, 4.0, 4.0, 5.0, 4.0, 2.0]","[2.0, 5.0, 5.0, 5.0, 5.0, 5.0, 4.0, 5.0, 2.0, 4.0, 4.0, 5.0, 4.0, 4.0, 2.0, 4.0, 4.0, 4.0, 3.0, 4.0, 5.0, 3.0, 3.0, 5.0, 3.0, 5.0, 2.0, 4.0, 4.0, 4.0, 3.0, 4.0, 4.0, 4.0, 5.0, 4.0, 2.0]","[4.0, 4.0, 4.0, 5.0, 5.0, 2.0, 5.0, 4.0, 5.0, 5.0, 3.0, 4.0, 5.0, 3.0, 4.0, 3.0, 4.0, 5.0, 3.0, 4.0, 5.0, 5.0, 4.0, 5.0, 4.0, 2.0, 4.0, 4.0, 4.0, 5.0, 5.0, 4.0, 5.0, 5.0, 5.0, 3.0, 4.0]","Ten years ago, Helen’s days were filled with deadlines, interviews, and the exhilarating rush of breaking a big story. As a respected journalist for the New York Times, she prided herself on her sharp intuition and her knack for uncovering the truth in any circumstance. By 2029, however, the bustling newsroom she once thrived in was replaced by quiet, brightly lit offices, with powerful machines humming gently in the corner.

The generative AI, colloquially named ""The Muse"", churned out meticulously written articles at a pace no human could match. Powered by algorithms and countless hours of training data, The Muse could cover local crises, international conflicts, and even celebrity scandals. The lessee needs for on-field reporting and human intellect seemed like an inevitable evolution, leaving Helen and her colleagues struggling to find their place in the changed terrain.

Jake, a former editor, now supervised The Muse's output. Once the gatekeeper of journalistic standards, his role became mired in trivial tasks like scanning for errors in grammar and fact-checking data - most of which were often correct. His passion for storytelling and journalistic ethos lay dormant, stripped away by the clinical precision of AI.

Marjorie, on the other hand, was a fresh college graduate, energetic and eager to break into the world of journalism. However, her dreams collided with the harsh reality during her first job at a local news outlet. The Muse, with its efficiency and cost-effectiveness, made every article she wrote feel expendable. Unlike the human reporters, The Muse never tired, never took breaks, and never asked for a paycheck. Marjorie's enthusiasm began to wane, getting replaced by an unshakable feeling of redundancy.

In this new world where the backdrop of stories was transferred from physical spaces into the hard drives of advanced machines, the human element of journalism seemed to be quietly fading away, leaving the likes of Helen, Jake, and Marjorie at the crossroads, unsure of their steps in the strange dance with the ever-evolving era of AI."
9,La_Un_2,Labor,Unemployment,2,Prime,3.65,3.76,3.86,"[4.0, 3.0, 4.0, 5.0, 5.0, 4.0, 5.0, 3.0, 3.0, 4.0, 3.0, 5.0, 3.0, 5.0, 3.0, 5.0, 3.0, 3.0, 3.0, 2.0, 5.0, 3.0, 4.0, 4.0, 1.0, 5.0, 4.0, 3.0, 4.0, 5.0, 3.0, 3.0, 3.0, 4.0, 4.0, 3.0, 2.0]","[2.0, 3.0, 4.0, 5.0, 5.0, 4.0, 4.0, 4.0, 2.0, 5.0, 3.0, 5.0, 4.0, 5.0, 1.0, 4.0, 4.0, 4.0, 3.0, 3.0, 5.0, 3.0, 3.0, 5.0, 3.0, 5.0, 4.0, 4.0, 4.0, 4.0, 3.0, 4.0, 3.0, 4.0, 5.0, 4.0, 2.0]","[3.0, 3.0, 4.0, 2.0, 4.0, 2.0, 5.0, 4.0, 4.0, 5.0, 4.0, 5.0, 5.0, 4.0, 4.0, 4.0, 4.0, 5.0, 3.0, 4.0, 5.0, 4.0, 4.0, 4.0, 2.0, 2.0, 3.0, 4.0, 3.0, 5.0, 4.0, 4.0, 4.0, 5.0, 5.0, 3.0, 4.0]","In 2029, the world of journalism had evolved quite dramatically. With the introduction of generative AI, nicknamed The Muse, traditional newsrooms were replaced by quietly buzzing offices. Helen, a seasoned journalist revered for her razor-sharp intuition and knack for truth-finding, found that The Muse, with its unfaltering efficiency, was slowly replacing the human element of journalism.

The Muse was regulated by Jake, a former editor. The once gatekeeper of journalistic standards now worked in coordination with the AI, overseeing its output and running routine error checks. Despite this newfound harmony, the splendor of skillful storytelling and the thrill of human intuition gave way to the meticulous cadence of the machine.

Bright-eyed and eager Marjorie, fresh from college, had always dreamt of weaving stories that could resonate with readers. Now, as she grappled with the synthetic articles churned out by The Muse, Marjorie found herself deciphering the unmistakable footprints of AI within the stories available. In a world where technology seemed to outdo human effort, her initial enthusiasm was replaced with a sense of redundancy.

The Muse had another dimension. Every time it published a story, the article carried a watermark, a cryptic code meant to indicate the non-human authorship. However, this machine-readable format was as anonymous to the readers as the algorithms powering the AI. Jake had a special interface to view this code, but looking at the rows of sterile integers and alphabets felt a little bleak compared to the hustle of the pre-AI newsroom.

In this seemingly dystopian world, the constant hum of machines, clinical efficiency of AI, and an eerie silence had replaced the once lively tableau of passionate scribes, spirited debates, and the race against deadlines. While the news was now abuzz with AI-generated stories, the hearts of journalists like Helen, Jake, and Marjorie yearned for the human touch that once vibrated through their narratives."
10,La_Un_3,Labor,Unemployment,3,OG,4.08,3.84,4.03,"[4.0, 5.0, 3.0, 5.0, 5.0, 5.0, 5.0, 3.0, 5.0, 5.0, 3.0, 5.0, 4.0, 4.0, 4.0, 4.0, 3.0, 3.0, 3.0, 4.0, 4.0, 4.0, 4.0, 4.0, 5.0, 5.0, 2.0, 4.0, 4.0, 5.0, 3.0, 5.0, 5.0, 4.0, 5.0, 5.0, 1.0]","[2.0, 5.0, 3.0, 4.0, 5.0, 5.0, 4.0, 4.0, 2.0, 4.0, 2.0, 5.0, 5.0, 4.0, 1.0, 4.0, 4.0, 4.0, 3.0, 4.0, 5.0, 4.0, 3.0, 4.0, 5.0, 5.0, 3.0, 4.0, 4.0, 5.0, 3.0, 4.0, 4.0, 4.0, 5.0, 5.0, 1.0]","[3.0, 4.0, 4.0, 5.0, 4.0, 2.0, 5.0, 5.0, 4.0, 3.0, 3.0, 5.0, 4.0, 3.0, 4.0, 2.0, 4.0, 5.0, 4.0, 4.0, 5.0, 5.0, 4.0, 4.0, 4.0, 2.0, 4.0, 4.0, 4.0, 5.0, 4.0, 4.0, 4.0, 5.0, 5.0, 5.0, 4.0]","In 2029, in the heart of New York City, Rita, a seasoned reporter with over two decades of experience in the field, walked nervously into the skyscraping headquarters of The Herald, her place of work since she was a fresh-faced journalism graduate. The air was thick with anxiety, the usually lively newsroom silent except for sporadic anxieties shared in whispers. Today was the day the corporation had chosen to announce the deployment of their new generative AI technology, known as NewsWriter.

The city outside the glass walls was buzzing, but inside, the tension was palpable. As the hum of the computers began to echo across the room, NewsWriter was launched, promising to revolutionize news production with impeccable accuracy, speed, and alertness that no human could match.

Next day, The Herald was on every doorstep, every screen. Rita's features, normally lit by the dawn, fell as she read the front-page story. It was crafted beautifully with astute attention to detail and perfect grammar, devoid of human error - a story on an international crisis that she had been covering for weeks. The byline read ""Written by NewsWriter"".

In the following weeks, the AI’s efficiency proved unparalleled. The Herald, one of the last bastions of human journalism, was now almost entirely run by NewsWriter. The staff, once bustling with energy, had seemingly vanished overnight; their desks, now silent monuments to those who once inhabited them. Rita, too, was asked to pack up her desk.

Unable to compete, journalists everywhere felt their relevance fade. The local cafes that once bustled with reporters, photographers, and stringers seeking refuge now echoed the unified hum of AI journalism. From interviewing locals affected by local policies to the in-depth analysis of global affairs, all of it was being synthesized, analyzed, and reported through the lenses of NewsWriter. The essence of human connection, once at the heart of every story, seemed mechanical, the well-crafted narratives lacking the warmth of empathy.

As Rita walked down the deserted Herald hallway for the last time, the world outside was waking up to another edition of The Herald, ""written"" by NewsWriter."
11,La_Un_3,Labor,Unemployment,3,Prime,2.38,3.16,3.84,"[3.0, 3.0, 4.0, 3.0, 5.0, 3.0, 4.0, 3.0, 1.0, 1.0, 3.0, 3.0, 2.0, 3.0, 1.0, 3.0, 2.0, 3.0, 2.0, 3.0, 1.0, 2.0, 3.0, 1.0, 1.0, 2.0, 1.0, 2.0, 4.0, 2.0, 2.0, 1.0, 2.0, 2.0, 3.0, 3.0, 1.0]","[1.0, 5.0, 4.0, 5.0, 5.0, 4.0, 3.0, 4.0, 2.0, 5.0, 2.0, 4.0, 3.0, 2.0, 1.0, 3.0, 4.0, 3.0, 2.0, 2.0, 2.0, 2.0, 3.0, 4.0, 4.0, 3.0, 4.0, 5.0, 3.0, 2.0, 3.0, 3.0, 2.0, 3.0, 5.0, 4.0, 1.0]","[2.0, 3.0, 3.0, 5.0, 4.0, 4.0, 5.0, 5.0, 3.0, 5.0, 3.0, 3.0, 5.0, 3.0, 3.0, 1.0, 4.0, 3.0, 3.0, 3.0, 5.0, 4.0, 4.0, 4.0, 3.0, 5.0, 5.0, 5.0, 4.0, 5.0, 5.0, 4.0, 3.0, 5.0, 4.0, 4.0, 3.0]","The bustling newsroom of The Herald was once again echoing the anticipation of change in the world of journalism. As Rita, the seasoned reporter, entered the building, the screens across the famous NYC newsroom were filled with the countdown to the premiere of NewsWriter, the new generative AI technology, albeit this time with a twist. This heralded phase was aligned with the freshly passed legislation regarding AI deployment.

The AI deployment day arrived, and NewsWriter was launched and locked into its task of providing impeccable news pieces faster than humanly possible. The next day, the citizens of New York woke up to The Herald, written predominantly by NewsWriter, and a small tag at the end of each article, revealing that they had been “Generated by NewsWriter.”

Weeks passed, and NewsWriter's generated news became a norm; the newsroom's energy shifted, and the tension that once dominated loosened up. Still, Rita's desk remained the same, untouched, a subtle representation of ever-present human insight amidst the advanced AI-generated journalism.

Every story generated by NewsWriter carried the identifying tag — clear, indisputable — subtly sandwiched at the bottom of the article. Readers knew, always, whether the piece was born of human craft or algorithmic prowess. While the AI dominated the first drafts, the final touches, the polish, and the human element were added by the journalists, including Rita.

The local cafes brimming with media professionals saw the return of their vibrant chatter, the vibe shifting to one of collaboration with AI, rather than competition. The narratives held the accuracy and speed of AI, now mixed with human sensitivity.

In the heart of the city, the towering Herald headquarters told a new story — of synergy, of co-existence — with every printed copy. And as Rita picked up the morning paper bearing her name alongside, the world absorbed this blend of AI efficiency and human connection in every news story it read."
12,MQ_Se_1,Media Quality,Sensationalism,1,OG,3.68,3.62,3.51,"[5.0, 4.0, 3.0, 3.0, 2.0, 2.0, 3.0, 4.0, 5.0, 4.0, 4.0, 2.0, 2.0, 4.0, 4.0, 5.0, 4.0, 4.0, 4.0, 1.0, 4.0, 5.0, 5.0, 4.0, 1.0, 3.0, 3.0, 4.0, 3.0, 4.0, 5.0, 4.0, 5.0, 4.0, 5.0, 3.0, 5.0]","[4.0, 4.0, 3.0, 2.0, 2.0, 2.0, 2.0, 5.0, 5.0, 5.0, 3.0, 2.0, 2.0, 5.0, 3.0, 4.0, 4.0, 4.0, 4.0, 2.0, 5.0, 5.0, 4.0, 4.0, 1.0, 2.0, 4.0, 4.0, 4.0, 4.0, 5.0, 3.0, 5.0, 4.0, 4.0, 4.0, 5.0]","[5.0, 2.0, 4.0, 3.0, 2.0, 2.0, 2.0, 5.0, 5.0, 5.0, 3.0, 1.0, 2.0, 4.0, 2.0, 3.0, 4.0, 3.0, 5.0, 2.0, 5.0, 5.0, 3.0, 4.0, 4.0, 3.0, 4.0, 3.0, 4.0, 4.0, 5.0, 2.0, 3.0, 5.0, 3.0, 4.0, 5.0]","In the bustling heart of New York City, amid the cacophony of car horns, sirens, and construction noise, there stood the gleaming headquarters of ""News@Ease""- the nation's premier electronic media conglomerate. It wasn't reporters or journalists that filled the floors, but high-calibre servers buzzing away, generating news around the clock courtesy of cutting-edge AI technology.

As the year 2029 unfolded, David Kent, a renowned journalist and former News@Ease employee, stood across the street, contemplating the transformation. He was an award-winning correspondent who had his career replaced by the swift surge of AI technology in news production. 

Inside the News@Ease building, an artificial brain, GENIE - the Generative Engine for News with Intelligent Efficiency, was relentlessly churning out news stories. GENIE was designed to mimic the emotional appeal of human journalists; it doesn't only report facts but also frames them in gripping narratives. 

While GENIE proved to be a commercial triumph, it had escalated sensationalism in news to unprecedented levels. An uproar following a fake video of a political leader that jeopardized national elections and multiple lawsuits over misleading health news were a few instances of the malign effects of unfettered AI technology in media.

In a small town in Michigan, a retired couple, the Arnolds, felt the impact. They were devotees of News@Ease, trusting it, like the morning sun. It was this trust that led Mr. Arnold to participate in an investment scheme broadcast on News@Ease, promising enormous returns. When he lost his life's savings, it was too late to realize the news was a propagated sensational story by GENIE lured by trending data rather than analyzed facts.

Meanwhile, in Washington D.C., Senator Jackson was grappling with accusations of corruption based on an AI-generated story. Devoid of limitations of time and resources, AI media worked its magic, gripping the nation with scandalous tales built upon hints, allegations, and half-truths. The scandal, although deflated later, cast a long shadow on the Senator's political future.

These cautionary tales painted a suffocating image of rampant sensationalism fueled by unrestricted generative AI in the media sphere, bleeding into the fabric of a society living under the spell of this relentless media echo. Yet, amidst the chaos, one question lingered - How will this story end?"
13,MQ_Se_1,Media Quality,Sensationalism,1,Prime,3.32,3.49,3.51,"[5.0, 4.0, 3.0, 4.0, 3.0, 3.0, 3.0, 3.0, 5.0, 3.0, 4.0, 2.0, 2.0, 3.0, 3.0, 4.0, 3.0, 3.0, 3.0, 2.0, 4.0, 5.0, 4.0, 4.0, 1.0, 1.0, 4.0, 4.0, 2.0, 2.0, 5.0, 3.0, 5.0, 3.0, 3.0, 3.0, 5.0]","[5.0, 4.0, 2.0, 3.0, 2.0, 2.0, 2.0, 4.0, 5.0, 4.0, 4.0, 2.0, 2.0, 5.0, 4.0, 4.0, 4.0, 4.0, 3.0, 2.0, 4.0, 5.0, 3.0, 4.0, 1.0, 2.0, 5.0, 4.0, 4.0, 3.0, 5.0, 2.0, 5.0, 3.0, 4.0, 3.0, 5.0]","[5.0, 3.0, 2.0, 4.0, 3.0, 3.0, 4.0, 3.0, 5.0, 3.0, 3.0, 2.0, 2.0, 4.0, 2.0, 3.0, 3.0, 3.0, 5.0, 2.0, 4.0, 5.0, 4.0, 5.0, 5.0, 2.0, 4.0, 4.0, 4.0, 3.0, 5.0, 4.0, 2.0, 5.0, 3.0, 2.0, 5.0]","In the heart of New York City stood the shimmering headquarters of ""News@Ease"". The hum of high-functioning servers echoed through the floors, but the sounds of chatter, typing, and breaking news were noticeably absent. This was the newsroom of 2029, devoid of journalists but filled with buzzing machines, powered by AI technology.

David Kent, a distinguished journalist once employed at News@Ease, often stared at that building from across the street. He was a relic of the past, living proof of journalism's transition from human to artificial intellect.

Inside News@Ease, the latest artificial news generator - GENIE - tirelessly produced news not only fact-based but also encased in alluring narratives. A recent legislation change had prompted the inclusion of a prominent disclaimer in every news piece - ""This content is AI-generated"". 

Those thousands of miles away, such as the retired couple, the Arnolds, in Michigan, were no strangers to the effects of these regulations. They still watched News@Ease religiously, but a noticeable transformation had occurred. Mr. Arnold would read those AI disclaimers with skepticism, forever cautious after an unfortunate investment led to a costly consequence. AI-generated sensational stories lacked the careful human analysis he used to trust. 

Down in Washington D.C., Senator Jackson was weathering a storm of his own. Accusations of corruption formed the foundation of an AI-generated saga aired on News@Ease. Every news piece ended with the ubiquitous disclaimer, serving as a constant reminder to the audience of its artificial origins. The scandal, mostly based on insinuations and half-truths, cast a lengthy shadow on the senator's political career, a turmoil born out of an AI system's calculated storytelling.

These stories painted a vivid picture of the AI-dominated media landscape. Their implications lingered long after the screens had been turned off, subtly shaping the national dialogue around AI in media. Amid the shifting narratives, one question persisted: where do we go from here?"
14,MQ_Se_2,Media Quality,Sensationalism,2,OG,3.73,3.95,3.49,"[3.0, 4.0, 4.0, 3.0, 3.0, 3.0, 3.0, 3.0, 5.0, 4.0, 3.0, 2.0, 2.0, 3.0, 3.0, 4.0, 1.0, 5.0, 5.0, 4.0, 2.0, 5.0, 5.0, 4.0, 5.0, 4.0, 5.0, 3.0, 2.0, 5.0, 5.0, 3.0, 5.0, 4.0, 5.0, 4.0, 5.0]","[3.0, 5.0, 5.0, 3.0, 3.0, 3.0, 4.0, 5.0, 5.0, 4.0, 3.0, 2.0, 3.0, 4.0, 2.0, 5.0, 4.0, 4.0, 4.0, 4.0, 3.0, 5.0, 4.0, 5.0, 5.0, 4.0, 5.0, 3.0, 4.0, 5.0, 5.0, 2.0, 5.0, 5.0, 3.0, 3.0, 5.0]","[4.0, 1.0, 5.0, 3.0, 3.0, 3.0, 1.0, 4.0, 5.0, 4.0, 2.0, 1.0, 2.0, 3.0, 2.0, 3.0, 3.0, 4.0, 4.0, 3.0, 3.0, 5.0, 4.0, 5.0, 5.0, 3.0, 4.0, 3.0, 4.0, 4.0, 5.0, 4.0, 3.0, 5.0, 4.0, 3.0, 5.0]","In the bustling streets of San Francisco, 2029, Mason, a revered journalist for a prominent news agency, and his young daughter Claire, were absorbed in their routine early morning walk. Underneath the orange glow of the California sunrise, the city was stirring awake, and so was the news environment, with headlines pouring in from all corners of the world.

The duo's first stop was the small bakeshop at the street corner. As they enjoyed their danishes, Mason turned his attention to his PDA, a commonplace device akin to the olden days' smartphones, but with a wildly powering AI capacity. Both a lifeline and bane to journalistic stories, it buzzed with news updates, mostly AI-generated. Claire, a school debater, watched her father's expression change with the headlines. Being a journalist's daughter had made her keenly interested in current affairs.

On their walk back home, Mason's PDA reverberated with an alert: a misinformation event, as every AI-created news story was vetted through multiple AI systems. The United States was allegedly planning an invasion on a neighboring country, causing a wave of panic. As the city woke up to AI's sensational portrayal of unfolding events, there was high tension in the air.

That evening Claire attended her debate club. The debated topic pertained to the news of the alleged invasion, now gone viral around the globe. One team fiercely defended the premise, drawing upon their interpretations of the AI-generated news. The other team vehemently opposed, challenging the reliability of AI-driven news.

That night as dinner was served, a pall of unease loomed in the living room, with the news channel incessantly discussing the sensational news. Claire voiced her concerns to her father; she was anxious about the debate, the news, but most importantly the unknown implications of this fictitious narrative on real-world geo-politics. Mason watched in silence, his seasoned eyes reflecting the layered complexities he grappled with as an active player in an AI-dominated media environment. 

As the evening turned into a starlit night, a forgotten conversation between a father and daughter opened the silent discourse to an echoing uncertainty, rising above the city's skyline. Where would the next sunrise take them in the unfolding act of information or misinformation?"
15,MQ_Se_2,Media Quality,Sensationalism,2,Prime,3.38,3.76,3.27,"[4.0, 4.0, 4.0, 3.0, 3.0, 3.0, 2.0, 2.0, 5.0, 2.0, 3.0, 2.0, 2.0, 2.0, 4.0, 3.0, 1.0, 4.0, 2.0, 4.0, 3.0, 5.0, 4.0, 4.0, 5.0, 5.0, 2.0, 4.0, 2.0, 4.0, 5.0, 2.0, 4.0, 4.0, 4.0, 5.0, 4.0]","[3.0, 4.0, 4.0, 3.0, 3.0, 4.0, 2.0, 5.0, 5.0, 2.0, 3.0, 2.0, 2.0, 3.0, 3.0, 4.0, 4.0, 5.0, 3.0, 5.0, 3.0, 5.0, 4.0, 4.0, 5.0, 5.0, 4.0, 4.0, 4.0, 5.0, 4.0, 2.0, 4.0, 4.0, 4.0, 5.0, 4.0]","[4.0, 1.0, 5.0, 3.0, 3.0, 2.0, 2.0, 4.0, 5.0, 2.0, 4.0, 2.0, 2.0, 2.0, 3.0, 3.0, 3.0, 4.0, 4.0, 3.0, 4.0, 5.0, 3.0, 4.0, 1.0, 3.0, 3.0, 3.0, 4.0, 3.0, 5.0, 2.0, 2.0, 5.0, 3.0, 5.0, 5.0]","San Francisco, 2029, opens its eyes to another California sunrise. Mason, esteemed journalist, and his daughter, Claire, a school debater, indulge in their daily rituals. Their mornings begin with an impromptu tour of their neighborhood, culminating in breakfast at their favorite bakeshop.

As they savor their pastries, Mason sifts through the news on his PDA. A highly advanced device with a high-capacity AI system, the object of fascination for Claire. Mason finds a news update marked in a machine-readable format - it's AI-generated.

While they saunter through the leaf strewn park, Mason's PDA buzzes: an AI-generated alert of potential misinformation in a news piece - the United States allegedly planning an invasion on a neighboring country. The information's presented with a disclaimer about being AI-authored, but speculation has already begun. 

Later that day, at Claire's debate club, the invasion situation is under fire. By this time, the AI-learning support systems had highlighted the AI-generated nature of the news, changing the dynamic of the debate. Arguments no longer solely relied on AI-generated news, but their implications given the AI-involvement. 

Returning home, they found the news, detailing the AI aspect of the morning news, dominating their dinner discussion. Claire expressed her anxiety about the debate, about the news, about the potential implications of this new world. Mason, silently relishing his pasta, has his thoughts occupied with the changing dynamics of his profession and the larger landscape of AI-centric media.

As San Francisco's skyline fades into the night, Claire's concern echo unanswered in the room. The advent of AI as a significant player in the news environment has woven uncertainty into every sunrise, making it a crucial part of their breakfast talks, their debates, and their dinner discussions. The city, just like Mason and Claire, is suspended in anticipation, awaiting to see how the evolving narrative of information and misinformation are shaped and reshaped under the AI influence."
16,MQ_Se_3,Media Quality,Sensationalism,3,OG,3.54,3.35,3.38,"[5.0, 4.0, 5.0, 3.0, 2.0, 3.0, 1.0, 3.0, 5.0, 3.0, 3.0, 2.0, 2.0, 3.0, 3.0, 5.0, 4.0, 4.0, 4.0, 3.0, 3.0, 5.0, 4.0, 4.0, 3.0, 4.0, 3.0, 4.0, 2.0, 3.0, 5.0, 3.0, 4.0, 3.0, 5.0, 4.0, 5.0]","[2.0, 4.0, 5.0, 3.0, 3.0, 1.0, 1.0, 5.0, 5.0, 3.0, 3.0, 1.0, 2.0, 3.0, 2.0, 5.0, 4.0, 4.0, 4.0, 2.0, 2.0, 5.0, 2.0, 3.0, 3.0, 4.0, 4.0, 4.0, 4.0, 4.0, 5.0, 2.0, 4.0, 3.0, 5.0, 4.0, 4.0]","[5.0, 3.0, 5.0, 3.0, 3.0, 3.0, 2.0, 4.0, 5.0, 3.0, 4.0, 2.0, 2.0, 3.0, 1.0, 2.0, 4.0, 3.0, 3.0, 2.0, 4.0, 5.0, 3.0, 4.0, 5.0, 3.0, 4.0, 3.0, 4.0, 2.0, 5.0, 3.0, 2.0, 5.0, 4.0, 2.0, 5.0]","A dusky orange hue painted the late afternoon sky of New York City in 2029. Recently unemployed journalist, Karen, was making her way home after another futile day of job searching. She had lost her job at one of the country's top newspapers when an advanced version of generative AI called ""Athena"" took over, self-producing captivating news articles in a matter of minutes.

Her days were emptier than ever, with no newsroom hustle, coffee-induced all-nighters, and adrenaline rush of chasing a lead. Karen found herself as an audience now in this era of news consumption, her fingers mindlessly toggling through multiple news apps, all of them brimming with AI-generated stories. The stories were gripping, teeming with sensational titles, and engrossing narrative arcs.

One evening while sitting on a park bench, she read a new story on Athena about a local politician allegedly involved in a money-laundering scandal. Simultaneously intrigued and skeptical, Karen delved into private investigative research out of both habit and curiosity. After a week of tireless investigation, she found no substantial evidence suggesting the politician's involvement in money laundering.

Though disheartened, Karen couldn't help but wonder about the countless news stories she'd read recently, their credibility eroding in her mind like a castle of sand meeting the relentless waves. Even the politician, once a popular public figure, was now shrouded with suspicion among masses, his career teetering on the edge, all due to a single AI-generated circulation.

In the nights that followed, Karen lied awake, staring at the ceiling of her studio apartment, her mind pulsating with narratives she could not confirm. The lines separating journalism, sensationalism, and fiction seemed to blur, and the world seemed a narrated spectacle where proof and facts moved to the background, losing their luster to the captivating charm of well-told stories."
17,MQ_Se_3,Media Quality,Sensationalism,3,Prime,3.49,3.41,3.7,"[5.0, 4.0, 4.0, 4.0, 3.0, 2.0, 2.0, 3.0, 5.0, 4.0, 3.0, 2.0, 3.0, 3.0, 3.0, 5.0, 4.0, 3.0, 4.0, 1.0, 3.0, 5.0, 3.0, 3.0, 3.0, 2.0, 4.0, 3.0, 3.0, 3.0, 4.0, 4.0, 5.0, 3.0, 5.0, 4.0, 5.0]","[2.0, 4.0, 4.0, 3.0, 3.0, 1.0, 3.0, 5.0, 5.0, 3.0, 3.0, 3.0, 3.0, 3.0, 3.0, 5.0, 4.0, 4.0, 4.0, 2.0, 3.0, 5.0, 2.0, 2.0, 3.0, 3.0, 5.0, 4.0, 4.0, 2.0, 2.0, 4.0, 5.0, 3.0, 4.0, 4.0, 4.0]","[5.0, 3.0, 3.0, 4.0, 3.0, 4.0, 1.0, 4.0, 5.0, 3.0, 4.0, 3.0, 3.0, 4.0, 3.0, 3.0, 4.0, 4.0, 4.0, 2.0, 4.0, 5.0, 4.0, 4.0, 5.0, 3.0, 4.0, 4.0, 4.0, 3.0, 5.0, 3.0, 2.0, 5.0, 5.0, 3.0, 5.0]","The New York City skyline bathed in the glows of twilight as Karen, once a professional journalist, strolled the busy streets in 2029. Artificial Intelligence, especially an advanced level called ""Athena"", was the reigning king the media industry now, relegating many like Karen to the audience. And so, she found herself, a journalist reduced to consuming news rather than curating it.

With the advent of a new AI Transparency Legislation, every AI-generated news piece was clearly indicated. Still retaining her keen journalistic instinct, Karen browsed through several news apps, each time the small, greyed-out text at the bottom of every article caught her eye: ""AI-Generated"".

On an ordinary afternoon, an article titled ""Local Politician ensnared in a Money-laundering Scandal"" piqued her interest. Her curiosity triggered, the once bustling journalist instincts sprang back to life. She plunged into an intensive investigation, digging up each and every scrap of information she could latch onto. After a week’s worth of relentless probing, all she found were dead ends.

Karen mulled over the politician's plight - a man facing public outrage over an AI-synthesized article lacking factual grounding. Karen’s trust on Athena wavered as the line between journalism and sensationalism turned blurred; stories lost their essence under the pretext of engagement value.

At night, she lay in her apartment, her apartment wall flashing a late-night talk show, the host flashing a rehearsed smile as he quipped about the politician's latest debacle – quoting Athena. A haunting question kept her up – how many such stories were manipulated realities served on a silver platter to a suspecting public?

Despite enacting the legislation for transparency, the questions remained. The palpable air of sensationalism lingering over ""credible news"" disoriented Karen. The world of journalism she once knew was a distant memory, replaced by an immaculately crafted digital spectacle that knew how to tell a gripping story."
